{
   "file_counts" : 13,
   "file_list" : [
      {
         "file_describe_code" : 0,
         "file_name" : "right-keyboard-B_Cu.gbl",
         "layer_name" : "bl"
      },
      {
         "file_describe_code" : 0,
         "file_name" : "right-keyboard-B_Mask.gbs",
         "layer_name" : "bs"
      },
      {
         "file_describe_code" : 0,
         "file_name" : "right-keyboard-B_Paste.gbp",
         "layer_name" : "bp"
      },
      {
         "file_describe_code" : 0,
         "file_name" : "right-keyboard-B_Silkscreen.gbo",
         "layer_name" : "bo"
      },
      {
         "file_describe_code" : 2,
         "file_name" : "right-keyboard-Edge_Cuts.gm1",
         "layer_name" : "gko"
      },
      {
         "file_describe_code" : 0,
         "file_name" : "right-keyboard-F_Cu.gtl",
         "layer_name" : "tl"
      },
      {
         "file_describe_code" : 0,
         "file_name" : "right-keyboard-F_Mask.gts",
         "layer_name" : "ts"
      },
      {
         "file_describe_code" : 0,
         "file_name" : "right-keyboard-F_Paste.gtp",
         "layer_name" : "tp"
      },
      {
         "file_describe_code" : 0,
         "file_name" : "right-keyboard-F_Silkscreen.gto",
         "layer_name" : "to"
      },
      {
         "file_describe_code" : 3,
         "file_name" : "right-keyboard-NPTH-drl_map.gbr",
         "layer_name" : "dd"
      },
      {
         "file_describe_code" : 0,
         "file_name" : "right-keyboard-NPTH.drl",
         "layer_name" : "npth"
      },
      {
         "file_describe_code" : 3,
         "file_name" : "right-keyboard-PTH-drl_map.gbr",
         "layer_name" : "dd1"
      },
      {
         "file_describe_code" : 0,
         "file_name" : "right-keyboard-PTH.drl",
         "layer_name" : "drl"
      }
   ]
}
